{
    "sakkzay": "sakkazay000@mysbisd.org",
    "zhaoand": "zhaoand000@mysbisd.org",
    "yangaid": "yanghye001@mysbisd.org",
    "chowian": "chowian000@mysbisd.org",
    "belland": "belland002@mysbisd.org",
    "nixave": "nixave000@mysbisd.org",
    "lanhawal": "lanhawal000@mysbisd.org",
    "kafkakyl": "kafkakyl001@mysbisd.org",
    "greencon": "greencon001@mysbisd.org",
    "lumade": "lumad000@mysbisd.org",
    "luedebla": "ludekbla000@mysbisd.org",
    "patelsac": "patelsac000@mysbisd.org",
    "bonnekat": "bonnekat000@mysbisd.org",
    "rincoedg": "rincoedg002@mysbisd.org",
    "madathkay": "puthekay000@mysbisd.org",
    "desaijas": "desaijas000@mysbisd.org",
    "ruedavik": "ruedavik000@mysbisd.org",
    "thakkpri": "thakkpri000@mysbisd.org",
    "stewamol": "stewamol000@mysbisd.org",
    "bennewil": "bennewil000@mysbisd.org",
    "rouseemi": "rouseemi000@mysbisd.org",
    "smithlex": "smithlex001@mysbisd.org",
    "stoergra": "stoergra000@mysbisd.org",
    "dangmat": "dangmat000@mysbisd.org",
    "petersop": "petersop000@mysbisd.org",
    "perrohel": "perrohel000@mysbisd.org",
    "collipay": "Collipay000@mysbisd.org",
    "bergbes": "bergbes000@mysbisd.org",
    "halashai": "halashai000@mysbisd.org",
    "brownjac": "brownjac002@mysbisd.org",
    "kafkama": "kafkamar000@mysbisd.org",
    "donnekat": "donnekat000@mysbisd.org",
    "leaus": "leaus000@mysbisd.org",
    "bryanhop": "bryanhop000@mysbisd.org",
    "christnic": "chrisnic000@mysbisd.org",
    "hamildan": "hamildan001@mysbisd.org",
    "limand": "limand000@mysbisd.org",
    "milleaus": "milleaus002@mysbisd.org",
    "siblibro": "siblibro000@mysbisd.org",
    "kimdan": "kimdan010@mysbisd.org",
    "miliaell": "miliaell000@mysbisd.org",
    "guilatho": "guilatho000@mysbisd.org",
    "zhaisel": "zhaisel000@mysbisd.org",
    "simmojam": "simmojam000@mysbisd.org",
    "kooketh": "kooketh000@mysbisd.org",
    "chahazai": "chahazai000@mysbisd.org",
    "laniehen": "laniehen000@mysbisd.org",
    "loujeb": "loujeb000@mysbisd.org",
    "hershjen": "hershjen000@mysbisd.org",
    "aureljak": "aureljak000@mysbisd.org",
    "bonnecar": "bonnecar000@mysbisd.org",
    "rabelben": "rabelben000@mysbisd.org",
    "dalycat": "dalycat000@mysbisd.org",
    "iqbalima": "iqbalima000@mysbisd.org",
    "mirelano": "mirelano000@mysbisd.org",
    "murphmol": "murphmol001@mysbisd.org",
    "tingcar": "tingcar000@mysbisd.org",
    "buckemm": "buckemm000@mysbisd.org",
    "kafkakat": "kafkakat000@mysbisd.org",
    "hollian": "holliann000@mysbisd.org",
    "newelida": "newelida000@mysbisd.org",
    "leejoh": "leejoh009@mysbisd.org",
    "willijak": "willijak001@mysbisd.org"
  }
  